Lineage,Mutation,Group
B.1.1.7,N_D3L,Alpha
B.1.1.7,N_S235F,Alpha
B.1.1.7,ORF1a_A1708D,Alpha
B.1.1.7,ORF1a_I2230T,Alpha
B.1.1.7,ORF1a_T1001I,Alpha
B.1.1.7,ORF8_R52I,Alpha
B.1.1.7,ORF8_T716I,Alpha
B.1.1.7,ORF8_Y73C,Alpha
B.1.1.7,S_A570D,Alpha
B.1.1.7,S_D1118H,Alpha
B.1.1.7,S_S982A,Alpha
B.1.1.7,S_T716I,Alpha
B.1.351,E_P71L,Beta
B.1.351,ORF1a_K1655N,Beta
B.1.351,ORF1a_K3353R,Beta
B.1.351,ORF3a_S171L,Beta
B.1.351,S_A701V,Beta
B.1.351,S_D215G,Beta
B.1.351,S_D80A,Beta
B.1.351,S_del241/243,Beta
B.1.351,S_K417N,Beta
B.1.617.2,N_D63G,Delta
B.1.617.2,N_G215C,Delta
B.1.617.2,ORF1a_P2046L,Delta
B.1.617.2,ORF1a_V2930L,Delta
B.1.617.2,ORF1b_A1918V,Delta
B.1.617.2,ORF1b_G662S,Delta
B.1.617.2,ORF1b_P1000L,Delta
B.1.617.2,ORF7a_T120I,Delta
B.1.617.2,ORF8_D119I,Delta
B.1.617.2,ORF8_del120/121,Delta
B.1.617.2,S_del157/158,Delta
B.1.617.2,S_E156G,Delta
B.1.617.2,S_T19R,Delta
B.1.617.2,S_T478K,Delta
B.1.525,E_L21F,Eta
B.1.525,N_A12G,Eta
B.1.525,N_del3/3,Eta
B.1.525,N_S2Y,Eta
B.1.525,ORF1a_T2007I,Eta
B.1.525,ORF1b_P314F,Eta
B.1.525,ORF6_del3/3,Eta
B.1.525,ORF6_F2H,Eta
B.1.525,S_A67V,Eta
B.1.525,S_F888L,Eta
B.1.525,S_Q52R,Eta
B.1.525,S_Q677H,Eta
P.1,N_P80R,Gamma
P.1,ORF1a_K1795Q,Gamma
P.1,ORF1a_S1188L,Gamma
P.1,ORF1b_E1264D,Gamma
P.1,ORF3a_S253P,Gamma
P.1,ORF8_E92K,Gamma
P.1,S_D138Y,Gamma
P.1,S_H655Y,Gamma
P.1,S_K417T,Gamma
P.1,S_L18F,Gamma
P.1,S_P26S,Gamma
P.1,S_R190S,Gamma
P.1,S_T1027I,Gamma
P.1,S_T20N,Gamma
P.1,S_V1176F,Gamma
B.1.526,ORF1b_Q1011H,Iota
B.1.526,ORF3a_P42L,Iota
B.1.526,ORF8_T11I,Iota
B.1.526,S_D253G,Iota
B.1.526,S_L5F,Iota
B.1.617.1,ORF1a_T1567I,Kappa
B.1.617.1,ORF1a_T3646A,Kappa
B.1.617.1,ORF1b_K2310R,Kappa
B.1.617.1,ORF1b_M1352I,Kappa
B.1.617.1,S_E484Q,Kappa
B.1.617.1,S_Q1071H,Kappa
C.37,N_G214C,Lambda
C.37,N_P13L,Lambda
C.37,ORF1a_F2387V,Lambda
C.37,ORF1a_G3278S,Lambda
C.37,ORF1a_P2287S,Lambda
C.37,ORF1a_T1246I,Lambda
C.37,S_del247/253,Lambda
C.37,S_F490S,Lambda
C.37,S_G75V,Lambda
C.37,S_L452Q,Lambda
C.37,S_R246N,Lambda
C.37,S_T76I,Lambda
C.37,S_T859N,Lambda
B.1.621,ORF1a_Q3729R,Mu
B.1.621,ORF1a_T1055A,Mu
B.1.621,ORF1a_T1538I,Mu
B.1.621,ORF1b_P1342S,Mu
B.1.621,ORF3a_del257/257,Mu
B.1.621,ORF8_P38S,Mu
B.1.621,ORF8_S67F,Mu
B.1.621,ORF8_T11K,Mu
B.1.621,S_R346K,Mu
B.1.621,S_Y144S,Mu
B.1.621,S_Y145N,Mu
